epoch,time,train/box_loss,train/pose_loss,train/kobj_loss,train/cls_loss,train/dfl_loss,metrics/precision(B),metrics/recall(B),metrics/mAP50(B),metrics/mAP50-95(B),metrics/precision(P),metrics/recall(P),metrics/mAP50(P),metrics/mAP50-95(P),val/box_loss,val/pose_loss,val/kobj_loss,val/cls_loss,val/dfl_loss,lr/pg0,lr/pg1,lr/pg2
1,5.6621,1.74766,5.09871,0.61916,1.84221,1.2955,0,0,0,0,0,0,0,0,0,0,0,0,0,0.091,0.001,0.001
2,9.27617,1.68725,4.32225,0.45536,1.3712,1.32976,0,0,0,0,0,0,0,0,0,0,0,0,0,0.0810931,0.00209307,0.00209307
3,13.1002,1.87247,4.28996,0.40031,1.1638,1.35658,0,0,0,0,0,0,0,0,0,0,0,0,0,0.0711789,0.00317888,0.00317888
4,16.9788,2.12962,4.28565,0.34336,1.32362,1.47679,0,0,0,0,0,0,0,0,0,0,0,0,0,0.0612574,0.00425743,0.00425743
5,20.3656,2.05248,4.16844,0.33929,1.61101,1.46915,0,0,0,0,0,0,0,0,0,0,0,0,0,0.0513287,0.00532872,0.00532872
6,23.734,2.13385,4.15401,0.31827,2.12181,1.44086,0,0,0,0,0,0,0,0,0,0,0,0,0,0.0413928,0.00639275,0.00639275
7,27.1296,2.4018,4.07866,0.31836,2.19169,1.65338,0,0,0,0,0,0,0,0,0,0,0,0,0,0.0314495,0.00744952,0.00744952
8,30.5366,2.53533,4.0065,0.28966,1.79816,1.66469,0,0,0,0,0,0,0,0,0,0,0,0,0,0.021499,0.00849903,0.00849903
9,33.9332,2.41598,3.90104,0.29585,1.82094,1.57951,0,0,0,0,0,0,0,0,0,0,0,0,0,0.0115413,0.00954128,0.00954128
10,37.3933,2.42107,4.17274,0.26246,1.70737,1.60568,0,0,0,0,0,0,0,0,0,0,0,0,0,0.009703,0.009703,0.009703
11,41.9916,2.44742,4.23033,0.27867,1.69736,1.67181,0,0,0,0,0,0,0,0,0,0,0,0,0,0.00967,0.00967,0.00967
12,46.0349,2.21238,4.04268,0.27658,1.5919,1.55184,0,0,0,0,0,0,0,0,0,0,0,0,0,0.009637,0.009637,0.009637
13,49.9287,2.15782,4.02093,0.29322,1.49818,1.52498,0,0,0,0,0,0,0,0,0,0,0,0,0,0.009604,0.009604,0.009604
14,53.869,2.16562,3.95265,0.28772,1.44741,1.47232,0,0,0,0,0,0,0,0,0,0,0,0,0,0.009571,0.009571,0.009571
15,57.3404,2.24682,4.03657,0.26601,1.53301,1.66582,0,0,0,0,0,0,0,0,0,0,0,0,0,0.009538,0.009538,0.009538
16,60.8206,2.18224,3.96596,0.26869,1.42542,1.55847,0,0,0,0,0,0,0,0,0,0,0,0,0,0.009505,0.009505,0.009505
17,64.5362,1.94874,3.80614,0.26958,1.37545,1.50762,0,0,0,0,0,0,0,0,0,0,0,0,0,0.009472,0.009472,0.009472
18,68.5375,1.91357,3.86136,0.23993,1.23366,1.38309,0,0,0,0,0,0,0,0,0,0,0,0,0,0.009439,0.009439,0.009439
19,72.4781,1.89821,3.89915,0.23472,1.298,1.40309,0,0,0,0,0,0,0,0,0,0,0,0,0,0.009406,0.009406,0.009406
20,76.2011,1.78466,3.72824,0.26606,1.20996,1.35834,0,0,0,0,0,0,0,0,0,0,0,0,0,0.009373,0.009373,0.009373
21,79.9964,1.69654,3.69074,0.25079,1.17412,1.37521,0,0,0,0,0,0,0,0,0,0,0,0,0,0.00934,0.00934,0.00934
22,83.804,1.66105,3.68489,0.24882,1.12688,1.29968,0,0,0,0,0,0,0,0,0,0,0,0,0,0.009307,0.009307,0.009307
23,87.6807,1.59681,3.54443,0.23489,1.04879,1.22827,0,0,0,0,0,0,0,0,0,0,0,0,0,0.009274,0.009274,0.009274
24,91.4248,1.66007,3.54109,0.2204,1.07231,1.28297,0,0,0,0,0,0,0,0,0,0,0,0,0,0.009241,0.009241,0.009241
25,95.3295,1.63211,3.55686,0.25962,1.05275,1.3232,0,0,0,0,0,0,0,0,0,0,0,0,0,0.009208,0.009208,0.009208
26,99.6429,1.55716,3.33608,0.25793,1.02837,1.32057,0,0,0,0,0,0,0,0,0,0,0,0,0,0.009175,0.009175,0.009175
27,104.47,1.69061,3.51402,0.21892,0.97892,1.26773,0,0,0,0,0,0,0,0,0,0,0,0,0,0.009142,0.009142,0.009142
28,108.785,1.55209,3.4489,0.23849,0.98532,1.26841,0,0,0,0,0,0,0,0,0,0,0,0,0,0.009109,0.009109,0.009109
29,112.77,1.45521,3.42681,0.26819,0.9416,1.20297,0,0,0,0,0,0,0,0,0,0,0,0,0,0.009076,0.009076,0.009076
30,116.75,1.54584,3.56734,0.27752,0.93092,1.19308,0,0,0,0,0,0,0,0,0,0,0,0,0,0.009043,0.009043,0.009043
31,120.781,1.46396,3.59078,0.24221,0.9328,1.21338,0,0,0,0,0,0,0,0,0,0,0,0,0,0.00901,0.00901,0.00901
32,125.093,1.33068,3.4324,0.22879,0.87829,1.14882,0,0,0,0,0,0,0,0,0,0,0,0,0,0.008977,0.008977,0.008977
33,129.21,1.39224,3.41701,0.23876,0.89382,1.16044,0,0,0,0,0,0,0,0,0,0,0,0,0,0.008944,0.008944,0.008944
34,133.328,1.34647,3.46301,0.26186,0.90166,1.21165,0,0,0,0,0,0,0,0,0,0,0,0,0,0.008911,0.008911,0.008911
35,137.271,1.38229,3.30985,0.23074,0.85883,1.20081,0,0,0,0,0,0,0,0,0,0,0,0,0,0.008878,0.008878,0.008878
36,141.311,1.44113,3.42556,0.22208,0.90978,1.17447,0,0,0,0,0,0,0,0,0,0,0,0,0,0.008845,0.008845,0.008845
37,145.803,1.32356,3.28802,0.2568,0.84557,1.15322,0,0,0,0,0,0,0,0,0,0,0,0,0,0.008812,0.008812,0.008812
38,152.267,1.35464,3.32262,0.24399,0.93779,1.24645,0,0,0,0,0,0,0,0,0,0,0,0,0,0.008779,0.008779,0.008779
39,158.704,1.32808,3.33246,0.19423,0.84961,1.13861,0,0,0,0,0,0,0,0,0,0,0,0,0,0.008746,0.008746,0.008746
40,165.252,1.35997,3.28207,0.19831,0.83465,1.09997,0,0,0,0,0,0,0,0,0,0,0,0,0,0.008713,0.008713,0.008713
41,171.659,1.34542,3.3252,0.19695,0.81593,1.10801,0,0,0,0,0,0,0,0,0,0,0,0,0,0.00868,0.00868,0.00868
42,177.909,1.28738,3.2438,0.24943,0.85711,1.16859,0,0,0,0,0,0,0,0,0,0,0,0,0,0.008647,0.008647,0.008647
43,184.254,1.29279,3.27777,0.24004,0.81415,1.15632,0,0,0,0,0,0,0,0,0,0,0,0,0,0.008614,0.008614,0.008614
44,190.455,1.40827,3.33161,0.21869,0.80933,1.09866,0,0,0,0,0,0,0,0,0,0,0,0,0,0.008581,0.008581,0.008581
45,194.396,1.31815,3.17944,0.21294,0.80083,1.11846,0,0,0,0,0,0,0,0,0,0,0,0,0,0.008548,0.008548,0.008548
46,198.165,1.4088,3.19009,0.20624,0.83038,1.09207,0,0,0,0,0,0,0,0,0,0,0,0,0,0.008515,0.008515,0.008515
47,201.862,1.37447,3.20261,0.24641,0.8187,1.13086,0,0,0,0,0,0,0,0,0,0,0,0,0,0.008482,0.008482,0.008482
48,205.274,1.29399,3.16644,0.18745,0.78636,1.10876,0,0,0,0,0,0,0,0,0,0,0,0,0,0.008449,0.008449,0.008449
49,208.728,1.31773,3.34853,0.24544,0.78864,1.11319,0,0,0,0,0,0,0,0,0,0,0,0,0,0.008416,0.008416,0.008416
50,212.168,1.2989,3.24079,0.207,0.78786,1.08025,0,0,0,0,0,0,0,0,0,0,0,0,0,0.008383,0.008383,0.008383
51,215.53,1.35436,3.16179,0.21528,0.79816,1.11621,0,0,0,0,0,0,0,0,0,0,0,0,0,0.00835,0.00835,0.00835
52,219.17,1.26955,3.14949,0.21294,0.76612,1.08269,0,0,0,0,0,0,0,0,0,0,0,0,0,0.008317,0.008317,0.008317
53,222.542,1.17486,3.04473,0.19478,0.76074,1.06812,0,0,0,0,0,0,0,0,0,0,0,0,0,0.008284,0.008284,0.008284
54,225.893,1.24673,3.14764,0.24469,0.7908,1.09069,0,0,0,0,0,0,0,0,0,0,0,0,0,0.008251,0.008251,0.008251
55,229.32,1.16195,3.16713,0.19281,0.74526,1.04804,0,0,0,0,0,0,0,0,0,0,0,0,0,0.008218,0.008218,0.008218
56,232.711,1.21517,3.20305,0.20852,0.78823,1.12122,0,0,0,0,0,0,0,0,0,0,0,0,0,0.008185,0.008185,0.008185
57,236.831,1.10909,3.06502,0.19942,0.69904,1.05493,0,0,0,0,0,0,0,0,0,0,0,0,0,0.008152,0.008152,0.008152
58,240.758,1.25086,3.22951,0.16708,0.71506,1.0372,0,0,0,0,0,0,0,0,0,0,0,0,0,0.008119,0.008119,0.008119
59,245.099,1.19062,3.13907,0.20969,0.7027,1.06754,0,0,0,0,0,0,0,0,0,0,0,0,0,0.008086,0.008086,0.008086
60,249.046,1.13194,3.22221,0.24759,0.74902,1.04394,0,0,0,0,0,0,0,0,0,0,0,0,0,0.008053,0.008053,0.008053
61,252.472,1.20268,3.05882,0.22651,0.72213,1.06726,0,0,0,0,0,0,0,0,0,0,0,0,0,0.00802,0.00802,0.00802
62,255.899,1.10721,3.14794,0.19186,0.67738,1.02075,0,0,0,0,0,0,0,0,0,0,0,0,0,0.007987,0.007987,0.007987
63,259.314,1.19067,3.12012,0.20128,0.70146,1.04751,0,0,0,0,0,0,0,0,0,0,0,0,0,0.007954,0.007954,0.007954
64,262.699,1.08162,3.05395,0.17578,0.66915,1.01187,0,0,0,0,0,0,0,0,0,0,0,0,0,0.007921,0.007921,0.007921
65,266.27,1.10253,3.07947,0.20061,0.68226,1.03099,0,0,0,0,0,0,0,0,0,0,0,0,0,0.007888,0.007888,0.007888
66,269.671,1.14317,3.02357,0.18626,0.6802,1.01816,0,0,0,0,0,0,0,0,0,0,0,0,0,0.007855,0.007855,0.007855
67,273.076,1.15208,3.06004,0.23894,0.73979,1.11669,0,0,0,0,0,0,0,0,0,0,0,0,0,0.007822,0.007822,0.007822
68,276.45,1.18346,3.11763,0.17315,0.68754,1.03483,0,0,0,0,0,0,0,0,0,0,0,0,0,0.007789,0.007789,0.007789
69,279.84,1.02067,3.03061,0.25192,0.6701,1.0596,0,0,0,0,0,0,0,0,0,0,0,0,0,0.007756,0.007756,0.007756
70,283.199,1.02514,2.97385,0.19336,0.64549,1.02996,0,0,0,0,0,0,0,0,0,0,0,0,0,0.007723,0.007723,0.007723
71,286.584,1.07018,3.0787,0.17878,0.64673,1.00391,0,0,0,0,0,0,0,0,0,0,0,0,0,0.00769,0.00769,0.00769
72,290.146,1.02721,3.04827,0.19429,0.64326,1.00673,0,0,0,0,0,0,0,0,0,0,0,0,0,0.007657,0.007657,0.007657
73,294.028,0.99611,2.84487,0.19771,0.64206,0.99526,0,0,0,0,0,0,0,0,0,0,0,0,0,0.007624,0.007624,0.007624
74,298.048,1.06073,2.98667,0.15569,0.6244,0.97752,0,0,0,0,0,0,0,0,0,0,0,0,0,0.007591,0.007591,0.007591
75,301.901,1.03599,2.91946,0.17118,0.62925,0.99282,0,0,0,0,0,0,0,0,0,0,0,0,0,0.007558,0.007558,0.007558
76,305.4,0.95863,2.92965,0.18261,0.61098,1.00614,0,0,0,0,0,0,0,0,0,0,0,0,0,0.007525,0.007525,0.007525
77,308.806,1.05044,2.88776,0.18039,0.61691,0.96131,0,0,0,0,0,0,0,0,0,0,0,0,0,0.007492,0.007492,0.007492
78,312.586,0.97974,2.94062,0.18612,0.63059,1.03591,0,0,0,0,0,0,0,0,0,0,0,0,0,0.007459,0.007459,0.007459
79,315.934,0.97375,2.93861,0.15728,0.60839,0.99964,0,0,0,0,0,0,0,0,0,0,0,0,0,0.007426,0.007426,0.007426
80,319.692,1.02274,2.89333,0.15419,0.62733,0.99634,0,0,0,0,0,0,0,0,0,0,0,0,0,0.007393,0.007393,0.007393
81,323.179,0.99869,2.81397,0.16665,0.61499,0.97574,0,0,0,0,0,0,0,0,0,0,0,0,0,0.00736,0.00736,0.00736
82,326.797,0.98039,2.91809,0.16793,0.61014,0.98039,0,0,0,0,0,0,0,0,0,0,0,0,0,0.007327,0.007327,0.007327
83,330.202,0.99553,2.82612,0.18987,0.6111,0.9941,0,0,0,0,0,0,0,0,0,0,0,0,0,0.007294,0.007294,0.007294
84,333.581,1.00919,2.7844,0.17208,0.60871,0.99154,0,0,0,0,0,0,0,0,0,0,0,0,0,0.007261,0.007261,0.007261
85,337.01,0.98247,2.81374,0.15683,0.58824,0.9541,0,0,0,0,0,0,0,0,0,0,0,0,0,0.007228,0.007228,0.007228
86,340.415,0.99836,2.77566,0.22336,0.60985,0.99224,0,0,0,0,0,0,0,0,0,0,0,0,0,0.007195,0.007195,0.007195
87,343.814,1.00421,2.75188,0.20469,0.59847,1.00302,0,0,0,0,0,0,0,0,0,0,0,0,0,0.007162,0.007162,0.007162
88,347.213,0.88737,2.61411,0.21099,0.58539,1.0278,0,0,0,0,0,0,0,0,0,0,0,0,0,0.007129,0.007129,0.007129
89,350.574,0.98856,2.75986,0.17759,0.58884,0.95321,0,0,0,0,0,0,0,0,0,0,0,0,0,0.007096,0.007096,0.007096
90,353.969,0.8983,2.6888,0.15481,0.57287,0.97379,0,0,0,0,0,0,0,0,0,0,0,0,0,0.007063,0.007063,0.007063
91,357.384,0.95542,2.65978,0.16785,0.58527,0.96717,0,0,0,0,0,0,0,0,0,0,0,0,0,0.00703,0.00703,0.00703
92,360.731,0.9172,2.65782,0.20494,0.59623,1.00206,0,0,0,0,0,0,0,0,0,0,0,0,0,0.006997,0.006997,0.006997
93,364.188,0.92619,2.67863,0.16285,0.58522,0.96441,0,0,0,0,0,0,0,0,0,0,0,0,0,0.006964,0.006964,0.006964
94,368.06,0.92577,2.63988,0.1732,0.59437,0.98232,0,0,0,0,0,0,0,0,0,0,0,0,0,0.006931,0.006931,0.006931
95,371.816,0.90349,2.64634,0.20137,0.57432,0.98983,0,0,0,0,0,0,0,0,0,0,0,0,0,0.006898,0.006898,0.006898
96,375.215,0.99933,2.63285,0.177,0.60244,0.96101,0,0,0,0,0,0,0,0,0,0,0,0,0,0.006865,0.006865,0.006865
97,378.631,0.9671,2.47338,0.20039,0.60762,1.01093,0,0,0,0,0,0,0,0,0,0,0,0,0,0.006832,0.006832,0.006832
98,382.043,0.91996,2.49894,0.16369,0.58496,0.96977,0,0,0,0,0,0,0,0,0,0,0,0,0,0.006799,0.006799,0.006799
99,385.419,0.97633,2.38885,0.18146,0.56927,0.95403,0,0,0,0,0,0,0,0,0,0,0,0,0,0.006766,0.006766,0.006766
100,388.813,0.94604,2.46609,0.18417,0.60206,0.97187,0,0,0,0,0,0,0,0,0,0,0,0,0,0.006733,0.006733,0.006733
101,392.198,0.93583,2.44503,0.14718,0.57532,0.96551,0,0,0,0,0,0,0,0,0,0,0,0,0,0.0067,0.0067,0.0067
102,395.844,0.88187,2.29056,0.20244,0.57997,0.96743,0,0,0,0,0,0,0,0,0,0,0,0,0,0.006667,0.006667,0.006667
103,399.255,0.93727,2.32378,0.18539,0.5842,0.97447,0,0,0,0,0,0,0,0,0,0,0,0,0,0.006634,0.006634,0.006634
104,402.686,0.97931,2.37028,0.1478,0.57926,0.9445,0,0,0,0,0,0,0,0,0,0,0,0,0,0.006601,0.006601,0.006601
105,406.115,0.9259,2.32015,0.16962,0.57995,0.96269,0,0,0,0,0,0,0,0,0,0,0,0,0,0.006568,0.006568,0.006568
106,409.659,0.95272,2.20901,0.16235,0.57661,0.97021,0,0,0,0,0,0,0,0,0,0,0,0,0,0.006535,0.006535,0.006535
107,413.271,0.87301,2.09117,0.1446,0.55044,0.94505,0,0,0,0,0,0,0,0,0,0,0,0,0,0.006502,0.006502,0.006502
108,417.019,0.96647,2.31106,0.18146,0.58072,0.9903,0,0,0,0,0,0,0,0,0,0,0,0,0,0.006469,0.006469,0.006469
109,420.807,0.93421,2.19991,0.17301,0.57988,0.96545,0,0,0,0,0,0,0,0,0,0,0,0,0,0.006436,0.006436,0.006436
110,424.755,0.88609,2.19985,0.16694,0.56271,0.95081,0,0,0,0,0,0,0,0,0,0,0,0,0,0.006403,0.006403,0.006403
111,428.165,0.90181,2.1104,0.15401,0.56795,0.94586,0,0,0,0,0,0,0,0,0,0,0,0,0,0.00637,0.00637,0.00637
112,431.628,0.88801,2.00179,0.15665,0.56512,0.95264,0,0,0,0,0,0,0,0,0,0,0,0,0,0.006337,0.006337,0.006337
113,435.247,0.89366,2.02204,0.14029,0.55088,0.92665,0,0,0,0,0,0,0,0,0,0,0,0,0,0.006304,0.006304,0.006304
114,439.306,0.92252,2.06202,0.15906,0.56321,0.95348,0,0,0,0,0,0,0,0,0,0,0,0,0,0.006271,0.006271,0.006271
115,443.407,0.8625,1.87868,0.14983,0.54119,0.9272,0,0,0,0,0,0,0,0,0,0,0,0,0,0.006238,0.006238,0.006238
116,447.198,0.94267,2.02719,0.18066,0.57135,0.9654,0,0,0,0,0,0,0,0,0,0,0,0,0,0.006205,0.006205,0.006205
117,450.694,0.91425,2.00931,0.17429,0.56491,0.9596,0,0,0,0,0,0,0,0,0,0,0,0,0,0.006172,0.006172,0.006172
118,454.147,0.84895,1.81746,0.16316,0.54307,0.93464,0,0,0,0,0,0,0,0,0,0,0,0,0,0.006139,0.006139,0.006139
119,457.977,0.85131,1.93059,0.16484,0.54689,0.95994,0,0,0,0,0,0,0,0,0,0,0,0,0,0.006106,0.006106,0.006106
120,461.626,0.90705,1.86533,0.18311,0.56598,0.9682,0,0,0,0,0,0,0,0,0,0,0,0,0,0.006073,0.006073,0.006073
121,465.057,0.85751,1.7545,0.17166,0.55677,0.93885,0,0,0,0,0,0,0,0,0,0,0,0,0,0.00604,0.00604,0.00604
122,468.494,0.8384,1.78221,0.14555,0.5352,0.94613,0,0,0,0,0,0,0,0,0,0,0,0,0,0.006007,0.006007,0.006007
123,471.911,0.87917,1.88791,0.15002,0.55444,0.94123,0,0,0,0,0,0,0,0,0,0,0,0,0,0.005974,0.005974,0.005974
124,475.263,0.85284,1.79157,0.19022,0.55589,0.98627,0,0,0,0,0,0,0,0,0,0,0,0,0,0.005941,0.005941,0.005941
125,478.661,0.8347,1.83906,0.13417,0.53548,0.92934,0,0,0,0,0,0,0,0,0,0,0,0,0,0.005908,0.005908,0.005908
126,482.116,0.8313,1.75781,0.16633,0.54168,0.92656,0,0,0,0,0,0,0,0,0,0,0,0,0,0.005875,0.005875,0.005875
127,485.48,0.82056,1.72995,0.13252,0.52385,0.91064,0,0,0,0,0,0,0,0,0,0,0,0,0,0.005842,0.005842,0.005842
128,488.913,0.87085,1.80886,0.17189,0.5435,0.95245,0,0,0,0,0,0,0,0,0,0,0,0,0,0.005809,0.005809,0.005809
129,492.486,0.87077,1.76363,0.17229,0.53883,0.94308,0,0,0,0,0,0,0,0,0,0,0,0,0,0.005776,0.005776,0.005776
130,495.868,0.82518,1.58888,0.14817,0.52269,0.9168,0,0,0,0,0,0,0,0,0,0,0,0,0,0.005743,0.005743,0.005743
131,499.667,0.83022,1.72234,0.16121,0.52515,0.9302,0,0,0,0,0,0,0,0,0,0,0,0,0,0.00571,0.00571,0.00571
132,503.086,0.83703,1.78003,0.14116,0.52472,0.92897,0,0,0,0,0,0,0,0,0,0,0,0,0,0.005677,0.005677,0.005677
133,506.529,0.85584,1.6829,0.15929,0.5463,0.96196,0,0,0,0,0,0,0,0,0,0,0,0,0,0.005644,0.005644,0.005644
134,509.916,0.80772,1.62915,0.1635,0.51851,0.93179,0,0,0,0,0,0,0,0,0,0,0,0,0,0.005611,0.005611,0.005611
135,513.486,0.81946,1.62876,0.15283,0.52149,0.91929,0,0,0,0,0,0,0,0,0,0,0,0,0,0.005578,0.005578,0.005578
136,516.871,0.82971,1.66755,0.19157,0.52737,0.96431,0,0,0,0,0,0,0,0,0,0,0,0,0,0.005545,0.005545,0.005545
137,520.239,0.75681,1.51964,0.14859,0.50159,0.92384,0,0,0,0,0,0,0,0,0,0,0,0,0,0.005512,0.005512,0.005512
138,523.643,0.80639,1.61649,0.15719,0.52178,0.93528,0,0,0,0,0,0,0,0,0,0,0,0,0,0.005479,0.005479,0.005479
139,527.48,0.81209,1.6444,0.15742,0.51732,0.9234,0,0,0,0,0,0,0,0,0,0,0,0,0,0.005446,0.005446,0.005446
140,530.826,0.80854,1.54895,0.15578,0.51701,0.92861,0,0,0,0,0,0,0,0,0,0,0,0,0,0.005413,0.005413,0.005413
141,534.256,0.8305,1.65919,0.18375,0.52314,0.93837,0,0,0,0,0,0,0,0,0,0,0,0,0,0.00538,0.00538,0.00538
142,537.926,0.76503,1.5121,0.16475,0.50113,0.91647,0,0,0,0,0,0,0,0,0,0,0,0,0,0.005347,0.005347,0.005347
143,541.312,0.77664,1.44857,0.15115,0.49755,0.91825,0,0,0,0,0,0,0,0,0,0,0,0,0,0.005314,0.005314,0.005314
144,544.723,0.7907,1.45541,0.16481,0.50164,0.93347,0,0,0,0,0,0,0,0,0,0,0,0,0,0.005281,0.005281,0.005281
145,548.11,0.83549,1.55084,0.15351,0.52182,0.93864,0,0,0,0,0,0,0,0,0,0,0,0,0,0.005248,0.005248,0.005248
146,551.823,0.82716,1.59464,0.14994,0.51281,0.91864,0,0,0,0,0,0,0,0,0,0,0,0,0,0.005215,0.005215,0.005215
147,555.229,0.82197,1.44201,0.16413,0.49933,0.92506,0,0,0,0,0,0,0,0,0,0,0,0,0,0.005182,0.005182,0.005182
148,558.627,0.80454,1.43122,0.18183,0.5178,0.96007,0,0,0,0,0,0,0,0,0,0,0,0,0,0.005149,0.005149,0.005149
149,562.039,0.82731,1.52914,0.17413,0.52163,0.93622,0,0,0,0,0,0,0,0,0,0,0,0,0,0.005116,0.005116,0.005116
150,565.837,0.7627,1.40354,0.13406,0.50208,0.90525,0,0,0,0,0,0,0,0,0,0,0,0,0,0.005083,0.005083,0.005083
151,569.712,0.83575,1.54965,0.13199,0.50422,0.9123,0,0,0,0,0,0,0,0,0,0,0,0,0,0.00505,0.00505,0.00505
152,573.12,0.79944,1.45066,0.13157,0.50628,0.91394,0,0,0,0,0,0,0,0,0,0,0,0,0,0.005017,0.005017,0.005017
153,576.47,0.79502,1.35427,0.13718,0.49997,0.90384,0,0,0,0,0,0,0,0,0,0,0,0,0,0.004984,0.004984,0.004984
154,579.873,0.76936,1.37982,0.15441,0.49329,0.92204,0,0,0,0,0,0,0,0,0,0,0,0,0,0.004951,0.004951,0.004951
155,583.294,0.76737,1.41185,0.15446,0.49365,0.92472,0,0,0,0,0,0,0,0,0,0,0,0,0,0.004918,0.004918,0.004918
156,586.698,0.84998,1.48758,0.14289,0.50795,0.9177,0,0,0,0,0,0,0,0,0,0,0,0,0,0.004885,0.004885,0.004885
157,590.139,0.74127,1.29148,0.14332,0.47925,0.91474,0,0,0,0,0,0,0,0,0,0,0,0,0,0.004852,0.004852,0.004852
158,593.533,0.74418,1.25778,0.13356,0.48368,0.91173,0,0,0,0,0,0,0,0,0,0,0,0,0,0.004819,0.004819,0.004819
159,596.902,0.76312,1.24905,0.16168,0.4921,0.9259,0,0,0,0,0,0,0,0,0,0,0,0,0,0.004786,0.004786,0.004786
160,600.292,0.80207,1.40698,0.14813,0.49735,0.91503,0,0,0,0,0,0,0,0,0,0,0,0,0,0.004753,0.004753,0.004753
161,603.714,0.81052,1.36808,0.15423,0.49552,0.91978,0,0,0,0,0,0,0,0,0,0,0,0,0,0.00472,0.00472,0.00472
162,607.29,0.74127,1.24083,0.17447,0.4832,0.94827,0,0,0,0,0,0,0,0,0,0,0,0,0,0.004687,0.004687,0.004687
163,610.878,0.75537,1.35133,0.15103,0.49173,0.92326,0,0,0,0,0,0,0,0,0,0,0,0,0,0.004654,0.004654,0.004654
164,614.387,0.74174,1.31532,0.14625,0.48285,0.90123,0,0,0,0,0,0,0,0,0,0,0,0,0,0.004621,0.004621,0.004621
165,617.83,0.72225,1.12069,0.13601,0.46605,0.88936,0,0,0,0,0,0,0,0,0,0,0,0,0,0.004588,0.004588,0.004588
166,621.22,0.78271,1.38864,0.14372,0.48349,0.88753,0,0,0,0,0,0,0,0,0,0,0,0,0,0.004555,0.004555,0.004555
167,624.751,0.75723,1.3813,0.15163,0.48307,0.90048,0,0,0,0,0,0,0,0,0,0,0,0,0,0.004522,0.004522,0.004522
168,628.245,0.76284,1.32052,0.15629,0.50656,0.92631,0,0,0,0,0,0,0,0,0,0,0,0,0,0.004489,0.004489,0.004489
169,631.64,0.72614,1.30801,0.14268,0.47601,0.89155,0,0,0,0,0,0,0,0,0,0,0,0,0,0.004456,0.004456,0.004456
170,635.017,0.74249,1.28323,0.12442,0.47072,0.91361,0,0,0,0,0,0,0,0,0,0,0,0,0,0.004423,0.004423,0.004423
171,638.39,0.7224,1.23468,0.15209,0.47634,0.93893,0,0,0,0,0,0,0,0,0,0,0,0,0,0.00439,0.00439,0.00439
172,641.74,0.75749,1.33573,0.1337,0.46073,0.89548,0,0,0,0,0,0,0,0,0,0,0,0,0,0.004357,0.004357,0.004357
173,645.586,0.69969,1.19671,0.14848,0.46077,0.90157,0,0,0,0,0,0,0,0,0,0,0,0,0,0.004324,0.004324,0.004324
174,649.426,0.72361,1.23178,0.14772,0.46461,0.91024,0,0,0,0,0,0,0,0,0,0,0,0,0,0.004291,0.004291,0.004291
175,652.773,0.75669,1.24285,0.14038,0.48434,0.92802,0,0,0,0,0,0,0,0,0,0,0,0,0,0.004258,0.004258,0.004258
176,656.157,0.70103,1.18819,0.12106,0.45395,0.87924,0,0,0,0,0,0,0,0,0,0,0,0,0,0.004225,0.004225,0.004225
177,659.582,0.7305,1.19233,0.1275,0.46497,0.87947,0,0,0,0,0,0,0,0,0,0,0,0,0,0.004192,0.004192,0.004192
178,662.996,0.73378,1.23972,0.13927,0.47091,0.90483,0,0,0,0,0,0,0,0,0,0,0,0,0,0.004159,0.004159,0.004159
179,666.809,0.69009,1.14456,0.13077,0.45542,0.88283,0,0,0,0,0,0,0,0,0,0,0,0,0,0.004126,0.004126,0.004126
180,670.234,0.6736,1.08582,0.14328,0.45292,0.90347,0,0,0,0,0,0,0,0,0,0,0,0,0,0.004093,0.004093,0.004093
181,673.603,0.71935,1.24781,0.13836,0.45969,0.88293,0,0,0,0,0,0,0,0,0,0,0,0,0,0.00406,0.00406,0.00406
182,676.998,0.73384,1.18355,0.13707,0.4653,0.88701,0,0,0,0,0,0,0,0,0,0,0,0,0,0.004027,0.004027,0.004027
183,680.578,0.71799,1.09264,0.16446,0.46536,0.91126,0,0,0,0,0,0,0,0,0,0,0,0,0,0.003994,0.003994,0.003994
184,683.975,0.69006,1.1019,0.1592,0.45006,0.90418,0,0,0,0,0,0,0,0,0,0,0,0,0,0.003961,0.003961,0.003961
185,687.33,0.67942,1.10332,0.12524,0.44018,0.87342,0,0,0,0,0,0,0,0,0,0,0,0,0,0.003928,0.003928,0.003928
186,691.039,0.72188,1.17788,0.1248,0.4673,0.90687,0,0,0,0,0,0,0,0,0,0,0,0,0,0.003895,0.003895,0.003895
187,694.689,0.7017,1.14477,0.15205,0.45288,0.8975,0,0,0,0,0,0,0,0,0,0,0,0,0,0.003862,0.003862,0.003862
188,698.152,0.74188,1.19749,0.13058,0.4707,0.89339,0,0,0,0,0,0,0,0,0,0,0,0,0,0.003829,0.003829,0.003829
189,701.519,0.66288,1.09815,0.13909,0.43924,0.88171,0,0,0,0,0,0,0,0,0,0,0,0,0,0.003796,0.003796,0.003796
190,705.338,0.67943,1.09234,0.17752,0.45734,0.90672,0,0,0,0,0,0,0,0,0,0,0,0,0,0.003763,0.003763,0.003763
191,709.062,0.69505,1.10493,0.13298,0.44863,0.87787,0,0,0,0,0,0,0,0,0,0,0,0,0,0.00373,0.00373,0.00373
192,712.465,0.69166,1.02794,0.12357,0.43786,0.87041,0,0,0,0,0,0,0,0,0,0,0,0,0,0.003697,0.003697,0.003697
193,716.016,0.70074,1.20541,0.14673,0.45427,0.90276,0,0,0,0,0,0,0,0,0,0,0,0,0,0.003664,0.003664,0.003664
194,719.407,0.70824,1.08127,0.13318,0.45902,0.89062,0,0,0,0,0,0,0,0,0,0,0,0,0,0.003631,0.003631,0.003631
195,722.776,0.62456,0.96903,0.14259,0.42908,0.87961,0,0,0,0,0,0,0,0,0,0,0,0,0,0.003598,0.003598,0.003598
196,726.158,0.67765,1.17674,0.1376,0.43852,0.8722,0,0,0,0,0,0,0,0,0,0,0,0,0,0.003565,0.003565,0.003565
197,729.543,0.70803,1.10734,0.14794,0.45406,0.90576,0,0,0,0,0,0,0,0,0,0,0,0,0,0.003532,0.003532,0.003532
198,732.947,0.63728,1.06234,0.13463,0.43561,0.88363,0,0,0,0,0,0,0,0,0,0,0,0,0,0.003499,0.003499,0.003499
199,736.335,0.64772,0.995,0.10988,0.43949,0.87513,0,0,0,0,0,0,0,0,0,0,0,0,0,0.003466,0.003466,0.003466
200,740.223,0.65476,1.05419,0.11329,0.43162,0.88037,0,0,0,0,0,0,0,0,0,0,0,0,0,0.003433,0.003433,0.003433
201,744.017,0.65456,1.00583,0.15315,0.44412,0.89166,0,0,0,0,0,0,0,0,0,0,0,0,0,0.0034,0.0034,0.0034
202,747.468,0.6652,1.03504,0.11163,0.43736,0.87163,0,0,0,0,0,0,0,0,0,0,0,0,0,0.003367,0.003367,0.003367
203,751.019,0.67825,1.01915,0.11668,0.43876,0.87725,0,0,0,0,0,0,0,0,0,0,0,0,0,0.003334,0.003334,0.003334
204,754.438,0.64385,1.03681,0.15537,0.44488,0.91239,0,0,0,0,0,0,0,0,0,0,0,0,0,0.003301,0.003301,0.003301
205,757.904,0.64687,1.0057,0.16483,0.43705,0.92117,0,0,0,0,0,0,0,0,0,0,0,0,0,0.003268,0.003268,0.003268
206,761.284,0.66838,1.01243,0.1258,0.43432,0.86347,0,0,0,0,0,0,0,0,0,0,0,0,0,0.003235,0.003235,0.003235
207,764.825,0.61744,0.93858,0.13872,0.42884,0.89134,0,0,0,0,0,0,0,0,0,0,0,0,0,0.003202,0.003202,0.003202
208,768.366,0.68411,1.04954,0.13648,0.43977,0.87775,0,0,0,0,0,0,0,0,0,0,0,0,0,0.003169,0.003169,0.003169
209,771.82,0.68434,1.02271,0.14056,0.44214,0.90234,0,0,0,0,0,0,0,0,0,0,0,0,0,0.003136,0.003136,0.003136
210,775.241,0.63718,0.88195,0.13157,0.43431,0.87732,0,0,0,0,0,0,0,0,0,0,0,0,0,0.003103,0.003103,0.003103
211,778.63,0.62007,0.90505,0.13195,0.42595,0.8836,0,0,0,0,0,0,0,0,0,0,0,0,0,0.00307,0.00307,0.00307
212,782.015,0.65626,0.98439,0.1471,0.42819,0.87881,0,0,0,0,0,0,0,0,0,0,0,0,0,0.003037,0.003037,0.003037
213,785.705,0.65738,0.93975,0.16225,0.45241,0.89916,0,0,0,0,0,0,0,0,0,0,0,0,0,0.003004,0.003004,0.003004
214,789.087,0.66316,0.97498,0.13283,0.4281,0.86774,0,0,0,0,0,0,0,0,0,0,0,0,0,0.002971,0.002971,0.002971
215,792.533,0.60258,0.87907,0.12283,0.41055,0.87796,0,0,0,0,0,0,0,0,0,0,0,0,0,0.002938,0.002938,0.002938
216,795.921,0.64734,0.90417,0.12022,0.42123,0.85931,0,0,0,0,0,0,0,0,0,0,0,0,0,0.002905,0.002905,0.002905
217,799.289,0.665,0.94953,0.13683,0.42636,0.89509,0,0,0,0,0,0,0,0,0,0,0,0,0,0.002872,0.002872,0.002872
218,802.725,0.63759,0.91781,0.13292,0.42228,0.87653,0,0,0,0,0,0,0,0,0,0,0,0,0,0.002839,0.002839,0.002839
219,806.189,0.63992,0.96656,0.14863,0.43475,0.91967,0,0,0,0,0,0,0,0,0,0,0,0,0,0.002806,0.002806,0.002806
220,809.578,0.68015,0.9911,0.14141,0.42811,0.89894,0,0,0,0,0,0,0,0,0,0,0,0,0,0.002773,0.002773,0.002773
221,813.025,0.64755,0.83958,0.13418,0.41563,0.86354,0,0,0,0,0,0,0,0,0,0,0,0,0,0.00274,0.00274,0.00274
222,816.483,0.63514,0.91025,0.11512,0.42398,0.87807,0,0,0,0,0,0,0,0,0,0,0,0,0,0.002707,0.002707,0.002707
223,819.881,0.66052,0.91463,0.14943,0.42929,0.87721,0,0,0,0,0,0,0,0,0,0,0,0,0,0.002674,0.002674,0.002674
224,823.286,0.63783,0.89107,0.1015,0.42286,0.86113,0,0,0,0,0,0,0,0,0,0,0,0,0,0.002641,0.002641,0.002641
225,826.683,0.64052,0.93811,0.15691,0.43803,0.91455,0,0,0,0,0,0,0,0,0,0,0,0,0,0.002608,0.002608,0.002608
226,830.08,0.64446,0.91136,0.11242,0.42147,0.86202,0,0,0,0,0,0,0,0,0,0,0,0,0,0.002575,0.002575,0.002575
227,833.457,0.65993,0.91463,0.11962,0.42413,0.86311,0,0,0,0,0,0,0,0,0,0,0,0,0,0.002542,0.002542,0.002542
228,836.878,0.65006,0.86798,0.13255,0.42644,0.87419,0,0,0,0,0,0,0,0,0,0,0,0,0,0.002509,0.002509,0.002509
229,840.278,0.63457,0.88174,0.14708,0.42675,0.89227,0,0,0,0,0,0,0,0,0,0,0,0,0,0.002476,0.002476,0.002476
230,843.647,0.62512,0.87685,0.10811,0.41974,0.85614,0,0,0,0,0,0,0,0,0,0,0,0,0,0.002443,0.002443,0.002443
231,847.401,0.63282,0.90104,0.15048,0.42819,0.88603,0,0,0,0,0,0,0,0,0,0,0,0,0,0.00241,0.00241,0.00241
232,850.81,0.59248,0.92934,0.11837,0.40638,0.85893,0,0,0,0,0,0,0,0,0,0,0,0,0,0.002377,0.002377,0.002377
233,854.22,0.59195,0.89957,0.12362,0.40603,0.86462,0,0,0,0,0,0,0,0,0,0,0,0,0,0.002344,0.002344,0.002344
234,857.744,0.66751,0.86949,0.12694,0.4333,0.86829,0,0,0,0,0,0,0,0,0,0,0,0,0,0.002311,0.002311,0.002311
235,861.184,0.5958,0.83229,0.13453,0.41453,0.8772,0,0,0,0,0,0,0,0,0,0,0,0,0,0.002278,0.002278,0.002278
236,864.575,0.55421,0.72091,0.11743,0.39274,0.8591,0,0,0,0,0,0,0,0,0,0,0,0,0,0.002245,0.002245,0.002245
237,867.968,0.58537,0.82201,0.1304,0.39456,0.86031,0,0,0,0,0,0,0,0,0,0,0,0,0,0.002212,0.002212,0.002212
238,871.346,0.5732,0.782,0.10474,0.38937,0.85002,0,0,0,0,0,0,0,0,0,0,0,0,0,0.002179,0.002179,0.002179
239,874.729,0.57968,0.81685,0.1192,0.38946,0.85169,0,0,0,0,0,0,0,0,0,0,0,0,0,0.002146,0.002146,0.002146
240,878.119,0.58447,0.82455,0.10955,0.39357,0.85155,0,0,0,0,0,0,0,0,0,0,0,0,0,0.002113,0.002113,0.002113
241,881.531,0.60399,0.82033,0.12157,0.39833,0.86407,0,0,0,0,0,0,0,0,0,0,0,0,0,0.00208,0.00208,0.00208
242,884.947,0.61025,0.84974,0.15264,0.41033,0.8831,0,0,0,0,0,0,0,0,0,0,0,0,0,0.002047,0.002047,0.002047
243,888.327,0.59597,0.77292,0.1251,0.40079,0.86727,0,0,0,0,0,0,0,0,0,0,0,0,0,0.002014,0.002014,0.002014
244,891.876,0.61485,0.86491,0.12856,0.41468,0.86657,0,0,0,0,0,0,0,0,0,0,0,0,0,0.001981,0.001981,0.001981
245,895.27,0.5406,0.74648,0.1141,0.37892,0.84194,0,0,0,0,0,0,0,0,0,0,0,0,0,0.001948,0.001948,0.001948
246,899.185,0.55848,0.80084,0.12761,0.38772,0.85423,0,0,0,0,0,0,0,0,0,0,0,0,0,0.001915,0.001915,0.001915
247,902.585,0.59161,0.81151,0.11956,0.39741,0.84975,0,0,0,0,0,0,0,0,0,0,0,0,0,0.001882,0.001882,0.001882
248,906.009,0.56958,0.73046,0.12926,0.39345,0.88842,0,0,0,0,0,0,0,0,0,0,0,0,0,0.001849,0.001849,0.001849
249,909.384,0.55592,0.75147,0.12621,0.38752,0.86162,0,0,0,0,0,0,0,0,0,0,0,0,0,0.001816,0.001816,0.001816
250,913.208,0.58403,0.83519,0.10044,0.39609,0.83776,0,0,0,0,0,0,0,0,0,0,0,0,0,0.001783,0.001783,0.001783
251,916.611,0.56728,0.7861,0.1241,0.39381,0.87295,0,0,0,0,0,0,0,0,0,0,0,0,0,0.00175,0.00175,0.00175
252,919.98,0.58342,0.79586,0.13073,0.3964,0.86508,0,0,0,0,0,0,0,0,0,0,0,0,0,0.001717,0.001717,0.001717
253,923.38,0.57385,0.72748,0.12339,0.38935,0.86602,0,0,0,0,0,0,0,0,0,0,0,0,0,0.001684,0.001684,0.001684
254,926.794,0.55731,0.76612,0.13409,0.38506,0.86054,0,0,0,0,0,0,0,0,0,0,0,0,0,0.001651,0.001651,0.001651
255,930.176,0.59826,0.78715,0.15527,0.3982,0.88584,0,0,0,0,0,0,0,0,0,0,0,0,0,0.001618,0.001618,0.001618
256,933.598,0.55107,0.778,0.13459,0.38475,0.85553,0,0,0,0,0,0,0,0,0,0,0,0,0,0.001585,0.001585,0.001585
257,937.482,0.56672,0.80879,0.1345,0.39001,0.85922,0,0,0,0,0,0,0,0,0,0,0,0,0,0.001552,0.001552,0.001552
258,940.88,0.54642,0.70343,0.11367,0.37944,0.85556,0,0,0,0,0,0,0,0,0,0,0,0,0,0.001519,0.001519,0.001519
259,944.241,0.52941,0.75043,0.10978,0.37591,0.84835,0,0,0,0,0,0,0,0,0,0,0,0,0,0.001486,0.001486,0.001486
260,947.652,0.54274,0.72836,0.11566,0.37675,0.855,0,0,0,0,0,0,0,0,0,0,0,0,0,0.001453,0.001453,0.001453
261,951.056,0.51768,0.66315,0.09418,0.37499,0.84377,0,0,0,0,0,0,0,0,0,0,0,0,0,0.00142,0.00142,0.00142
262,954.446,0.57458,0.73857,0.11426,0.39411,0.8675,0,0,0,0,0,0,0,0,0,0,0,0,0,0.001387,0.001387,0.001387
263,957.845,0.57124,0.78367,0.12862,0.3947,0.85275,0,0,0,0,0,0,0,0,0,0,0,0,0,0.001354,0.001354,0.001354
264,961.239,0.52154,0.65333,0.11182,0.36817,0.84643,0,0,0,0,0,0,0,0,0,0,0,0,0,0.001321,0.001321,0.001321
265,964.61,0.52637,0.63653,0.12698,0.37807,0.85912,0,0,0,0,0,0,0,0,0,0,0,0,0,0.001288,0.001288,0.001288
266,968.052,0.57163,0.78758,0.12641,0.38238,0.85206,0,0,0,0,0,0,0,0,0,0,0,0,0,0.001255,0.001255,0.001255
267,971.447,0.53445,0.7607,0.14277,0.37811,0.87454,0,0,0,0,0,0,0,0,0,0,0,0,0,0.001222,0.001222,0.001222
268,975.333,0.58708,0.7777,0.12988,0.38791,0.85781,0,0,0,0,0,0,0,0,0,0,0,0,0,0.001189,0.001189,0.001189
269,978.752,0.59809,0.78245,0.13667,0.39244,0.85795,0,0,0,0,0,0,0,0,0,0,0,0,0,0.001156,0.001156,0.001156
270,982.268,0.50002,0.60322,0.10834,0.36367,0.8442,0,0,0,0,0,0,0,0,0,0,0,0,0,0.001123,0.001123,0.001123
271,985.681,0.51442,0.67506,0.11329,0.37198,0.86078,0,0,0,0,0,0,0,0,0,0,0,0,0,0.00109,0.00109,0.00109
272,989.072,0.55805,0.66661,0.09468,0.37878,0.84861,0,0,0,0,0,0,0,0,0,0,0,0,0,0.001057,0.001057,0.001057
273,992.55,0.53808,0.6966,0.09076,0.37504,0.84271,0,0,0,0,0,0,0,0,0,0,0,0,0,0.001024,0.001024,0.001024
274,996.032,0.5479,0.71567,0.10572,0.37322,0.84056,0,0,0,0,0,0,0,0,0,0,0,0,0,0.000991,0.000991,0.000991
275,999.534,0.53754,0.7074,0.08835,0.37365,0.83082,0,0,0,0,0,0,0,0,0,0,0,0,0,0.000958,0.000958,0.000958
276,1002.97,0.54938,0.73841,0.11322,0.38108,0.86239,0,0,0,0,0,0,0,0,0,0,0,0,0,0.000925,0.000925,0.000925
277,1006.34,0.56411,0.70074,0.12821,0.38236,0.87628,0,0,0,0,0,0,0,0,0,0,0,0,0,0.000892,0.000892,0.000892
278,1009.69,0.55802,0.73409,0.114,0.38071,0.85957,0,0,0,0,0,0,0,0,0,0,0,0,0,0.000859,0.000859,0.000859
279,1013.09,0.51595,0.62378,0.09594,0.36073,0.84096,0,0,0,0,0,0,0,0,0,0,0,0,0,0.000826,0.000826,0.000826
280,1016.46,0.52034,0.62942,0.11313,0.3644,0.85308,0,0,0,0,0,0,0,0,0,0,0,0,0,0.000793,0.000793,0.000793
281,1019.81,0.56092,0.71178,0.14055,0.38145,0.8605,0,0,0,0,0,0,0,0,0,0,0,0,0,0.00076,0.00076,0.00076
282,1023.19,0.50728,0.63944,0.12032,0.36752,0.85868,0,0,0,0,0,0,0,0,0,0,0,0,0,0.000727,0.000727,0.000727
283,1026.59,0.53712,0.70112,0.1164,0.37099,0.84097,0,0,0,0,0,0,0,0,0,0,0,0,0,0.000694,0.000694,0.000694
284,1029.94,0.49776,0.66288,0.12321,0.36046,0.84775,0,0,0,0,0,0,0,0,0,0,0,0,0,0.000661,0.000661,0.000661
285,1033.32,0.50254,0.65321,0.11819,0.35878,0.83857,0,0,0,0,0,0,0,0,0,0,0,0,0,0.000628,0.000628,0.000628
286,1036.71,0.55681,0.76636,0.12245,0.38119,0.84035,0,0,0,0,0,0,0,0,0,0,0,0,0,0.000595,0.000595,0.000595
287,1040.05,0.51363,0.60204,0.13093,0.36551,0.86878,0,0,0,0,0,0,0,0,0,0,0,0,0,0.000562,0.000562,0.000562
288,1043.42,0.528,0.69364,0.11759,0.3678,0.85575,0,0,0,0,0,0,0,0,0,0,0,0,0,0.000529,0.000529,0.000529
289,1046.8,0.54403,0.71086,0.13931,0.37127,0.86737,0,0,0,0,0,0,0,0,0,0,0,0,0,0.000496,0.000496,0.000496
290,1050.19,0.51961,0.6531,0.09793,0.36776,0.83982,0,0,0,0,0,0,0,0,0,0,0,0,0,0.000463,0.000463,0.000463
291,1072.86,0.46157,0.47411,0.03285,0.34526,0.82341,0,0,0,0,0,0,0,0,0,0,0,0,0,0.00043,0.00043,0.00043
292,1076.7,0.48852,0.55171,0.06374,0.36033,0.84793,0,0,0,0,0,0,0,0,0,0,0,0,0,0.000397,0.000397,0.000397
293,1080.08,0.47283,0.53027,0.02633,0.35805,0.81618,0,0,0,0,0,0,0,0,0,0,0,0,0,0.000364,0.000364,0.000364
294,1083.78,0.48272,0.53712,0.03444,0.35992,0.82135,0,0,0,0,0,0,0,0,0,0,0,0,0,0.000331,0.000331,0.000331
295,1087.16,0.48157,0.53044,0.04098,0.3614,0.83735,0,0,0,0,0,0,0,0,0,0,0,0,0,0.000298,0.000298,0.000298
296,1090.87,0.45993,0.5037,0.04425,0.3484,0.83365,0,0,0,0,0,0,0,0,0,0,0,0,0,0.000265,0.000265,0.000265
297,1094.37,0.45314,0.4858,0.03916,0.33732,0.83005,0,0,0,0,0,0,0,0,0,0,0,0,0,0.000232,0.000232,0.000232
298,1097.73,0.45684,0.48237,0.04601,0.34272,0.83461,0,0,0,0,0,0,0,0,0,0,0,0,0,0.000199,0.000199,0.000199
299,1101.15,0.45537,0.46945,0.03329,0.34314,0.82187,0,0,0,0,0,0,0,0,0,0,0,0,0,0.000166,0.000166,0.000166
300,1109.66,0.45721,0.46893,0.03136,0.33449,0.81958,0.96646,0.98291,0.9912,0.82019,0.83721,0.79121,0.81394,0.63745,0.71846,1.80655,0.02081,0.43376,0.95697,0.000133,0.000133,0.000133
